symbol,industry,price,pe,pb,fcf_yield,revenue_yoy,eps_yoy,gross_margin,debt_to_equity,sentiment,sentiment_confidence,current_weight,holding_days
MSFT,Software,420,34,11,0.027,0.15,0.20,0.69,0.28,0.55,0.80,0.10,150
ADBE,Software,510,31,12,0.031,0.11,0.14,0.88,0.24,0.10,0.60,0.04,80
CRM,Software,280,45,4.9,0.025,0.10,0.18,0.76,0.16,0.20,0.70,0.00,0
XOM,Energy,118,13,2.2,0.082,0.02,-0.04,0.32,0.22,-0.05,0.50,0.06,210
CVX,Energy,165,15,1.9,0.075,0.01,-0.03,0.31,0.15,0.04,0.45,0.00,0
FANG,Energy,195,10,1.8,0.095,0.08,0.10,0.43,0.31,0.25,0.55,0.03,35
COST,Consumer Staples,820,50,16,0.018,0.07,0.09,0.13,0.42,0.40,0.75,0.05,95
KR,Consumer Staples,58,12,3.1,0.041,0.03,0.05,0.22,1.55,-0.10,0.50,0.00,0
WMT,Consumer Staples,64,28,6.5,0.032,0.06,0.08,0.24,0.71,0.30,0.70,0.08,190
